total_eta_h,total_deficit_m3,A_cover_mu,q_avail_m3ph,t_win_h,d_target_mm
6.500000325000002,1560.0000780000005,79.99999600000021,240.0,20.0,90.0
