batch_index,total_area_mu,deficit_vol_m3,cap_vol_m3,eta_hours
1,62,2386.786,3720.1859999999997,7.4587062500000005
2,65,1700.7517,3900.1949999999997,5.3148490625
